cluster,cluster_name,summary
0,Diagnosis & Fertility Stress,"Theme Name: PCOD/PCOS Diagnosis and Fertility Anxiety

Summary: Users diagnosed with PCOD/PCOS express significant stress and confusion surrounding their condition, particularly regarding fertility and managing symptoms. Many feel overwhelmed by conflicting medical advice and express frustration over being predominantly advised to lose weight or take hormonal medication without addressing underlying issues such as hair thinning, fatigue, and mental health impacts. There is a pervasive sense of anxiety over potential infertility and the lack of clear guidance on effective lifestyle changes or treatments. Users seek support and shared experiences from others in similar situations, hoping for practical advice on managing symptoms and improving their overall health."
1,Menstrual Irregularities & Bleeding Issues,"**Theme Name:** Persistent Menstrual Challenges

**Summary:** Social media users with PCOD/PCOS are expressing significant frustration and anxiety over ongoing menstrual irregularities and bleeding issues. Many describe experiences of prolonged periods, spotting, or the absence of menstruation despite medical interventions and lifestyle changes. The emotional toll is evident, with individuals seeking advice on home remedies, medication, and lifestyle adjustments to manage symptoms. There is a shared sense of urgency and distress, as these issues interfere with daily life and, for some, their ability to conceive. Users are reaching out for support, reassurance, and effective solutions to regain control over their menstrual health."
2,Weight & Motivation Challenges,"Theme Name: Emotional and Physical Weight Struggles

Summary: Users with PCOD/PCOS are expressing deep frustrations and emotional challenges tied to weight management and body image issues. They describe a cycle of failed attempts at weight loss and healthy routines, exacerbated by stress, emotional eating, and societal pressures. Many feel overwhelmed by the physical symptoms of PCOD, such as hair loss and acne, which further impact their self-esteem and mental health. The struggle to find supportive and effective solutions, such as accountability partners or better tracking tools, is evident, as is the desire for understanding and empathy from others. Overall, these narratives reflect a longing for normalcy, acceptance, and effective coping mechanisms."
3,Product Feedback & Medication Discussions,"Theme Name: PCOD Experiences with Alternative Treatments

Summary: Users are actively discussing their experiences and seeking advice on various treatments and supplements for managing PCOD/PCOS symptoms. Many express hope and skepticism about products like Amrutam Nari Sondarya Malt and medications such as Metformin and Inositol, while sharing their personal challenges with weight management and irregular periods. Concerns about side effects and the long-term safety of these treatments are prevalent, with users seeking both personal anecdotes and medical guidance. The emotional tone ranges from frustration and desperation to cautious optimism as individuals navigate their health journeys."
4,PCOS Awareness & Surveys,"Theme Name: PCOS Research and Awareness Participation

Summary: The central theme across these social media posts is the active solicitation of participation in surveys and research studies focused on PCOS (Polycystic Ovary Syndrome) and PCOD (Polycystic Ovary Disease). Users express a strong desire to contribute to awareness and understanding of these conditions through academic projects, podcasts, and surveys. These posts highlight challenges such as managing symptoms, finding effective resources, and dealing with mental well-being, social stigma, and body esteem issues. The call to action is clear, with individuals eager to share their experiences and insights to aid in research and promote specialized management and treatment approaches for PCOS."
5,Lifestyle Tips & Support Journeys,"Theme Name: Navigating PCOD Management Challenges

Summary: Social media users diagnosed with PCOD/PCOS are sharing their experiences and seeking advice on managing their condition, particularly focusing on lifestyle adjustments and treatment options. Many express frustration with the lack of a definitive cure, discussing challenges such as weight management, irregular cycles, and hair loss. Users show interest in exploring various treatment methods, including allopathy, ayurveda, and homeopathy, while expressing concerns over potential side effects and efficacy. The emotional tone of the posts reflects a mix of hope, confusion, and determination as individuals seek support and practical solutions to improve their quality of life. Additionally, users are considering creating tools or apps to assist in managing their symptoms more effectively."
6,Hair & Appearance Concerns,"Theme Name: Hair and Self-Image Struggles

Summary: Users with PCOS express significant distress over unwanted facial and body hair, highlighting the emotional impact on their self-esteem and confidence. Many share experiences with various hair removal methods, such as shaving, waxing, and considering laser hair removal, while expressing concerns about skin irritation and hyperpigmentation. There is a recurring sense of frustration and helplessness as they navigate hormonal imbalances that exacerbate hair growth, seeking advice on effective management strategies. In addition to facial hair concerns, users also discuss hair thinning and bald spots, further affecting their self-image and prompting exploration of natural and medical remedies. The overarching sentiment is a desire to manage these symptoms to feel more normal and confident in their appearance."
